name	status	hap1_main	hap2_main	hap1_cand	hap2_cand	hap1_score	hap2_score	dip_score	phenotype	dip_sv	hap1_sv	hap2_sv	ssr	dip_cand	hap1_main_core	hap2_main_core	hap1_main_tag	hap2_main_tag	hap1_af_mean_gene	hap2_af_mean_gene	hap1_af_mean_main	hap2_af_mean_main
021ab129bb594be5804b02e08e14d93d	g	*3	*3	*3	*3	0.0	0.0	0.0	poor_metabolizer	no_sv,no_sv	no_sv	no_sv	.	*3	<99270539:T>C:49/49:1.00:splice_acceptor_variant:high_impact:splicing_defect>	<99270539:T>C:49/49:1.00:splice_acceptor_variant:high_impact:splicing_defect>	.	.	-1.00	-1.00	-1.00	-1.00
03bc76a2c27140bc8143c56767ca6877	g	*3	*6	*3	*6	0.0	0.0	0.0	poor_metabolizer	no_sv,no_sv	no_sv	no_sv	.	*3,*6	<99270539:T>C:17/38:0.45:splice_acceptor_variant:high_impact:splicing_defect>	<99262835:C>T:20/36:0.56:synonymous_variant:high_impact:K208#&splicing_defect>	.	.	0.46	0.54	0.45	0.56
0b7cc95044c54d86a81151d856d0c5b2	g	*3	*3	*3	*3	0.0	0.0	0.0	poor_metabolizer	no_sv,no_sv	no_sv	no_sv	.	*3	<99270539:T>C:47/48:0.98:splice_acceptor_variant:high_impact:splicing_defect>	<99270539:T>C:47/48:0.98:splice_acceptor_variant:high_impact:splicing_defect>	.	.	0.51	0.49	-1.00	-1.00
0d73bafef55a4a718489f3fdca91fd55	g	*1	*3	*1	*3	1.0	0.0	1.0	intermediate_metabolizer	no_sv,no_sv	no_sv	no_sv	.	*3	.	<99270539:T>C:30/52:0.58:splice_acceptor_variant:high_impact:splicing_defect>	.	.	0.47	0.53	-1.00	0.58
11a1c7b37a63449f9bc65799567b5710	g	*1	*3	*1	*3	1.0	0.0	1.0	intermediate_metabolizer	no_sv,no_sv	no_sv	no_sv	.	*3	.	<99270539:T>C:15/34:0.44:splice_acceptor_variant:high_impact:splicing_defect>	.	.	0.52	0.48	-1.00	0.44
141390df39414eaaaa9725a8349d9c45	g	*1	*3	*1	*3	1.0	0.0	1.0	intermediate_metabolizer	no_sv,no_sv	no_sv	no_sv	.	*3	.	<99270539:T>C:25/46:0.54:splice_acceptor_variant:high_impact:splicing_defect>	.	.	0.49	0.51	-1.00	0.54
20aaa40fcdee4290bfada8dbba5e5232	g	*1	*6	*1	*6	1.0	0.0	1.0	intermediate_metabolizer	no_sv,no_sv	no_sv	no_sv	.	*6	.	<99262835:C>T:22/37:0.59:synonymous_variant:high_impact:K208#&splicing_defect>	.	.	0.50	0.50	-1.00	0.59
20b87673c1224e9db8bdbbe82899309c	g	*3	*3	*3	*3	0.0	0.0	0.0	poor_metabolizer	no_sv,no_sv	no_sv	no_sv	.	*3	<99270539:T>C:34/34:1.00:splice_acceptor_variant:high_impact:splicing_defect>	<99270539:T>C:34/34:1.00:splice_acceptor_variant:high_impact:splicing_defect>	.	.	0.49	0.51	-1.00	-1.00
20be9cf6bed64502b85c999ec59c784b	g	*3	*3	*3	*3	0.0	0.0	0.0	poor_metabolizer	no_sv,no_sv	no_sv	no_sv	.	*3	<99270539:T>C:49/49:1.00:splice_acceptor_variant:high_impact:splicing_defect>	<99270539:T>C:49/49:1.00:splice_acceptor_variant:high_impact:splicing_defect>	.	.	0.56	0.44	-1.00	-1.00
2176d8cef950450bbb29052359a2d2d1	g	*1	*7	*1	*7	1.0	0.0	1.0	intermediate_metabolizer	no_sv,no_sv	no_sv	no_sv	.	*7	.	<99250393:T>TA:9/19:0.47:frameshift_variant:high_impact:frameshift>	.	.	0.45	0.55	-1.00	0.47
228fa4f74dd4431f8eb3526f37e355ed	g	*7	*7	*7	*7	0.0	0.0	0.0	poor_metabolizer	no_sv,no_sv	no_sv	no_sv	.	*7	<99250393:T>TA:55/55:1.00:frameshift_variant:high_impact:frameshift>	<99250393:T>TA:55/55:1.00:frameshift_variant:high_impact:frameshift>	.	.	-1.00	-1.00	-1.00	-1.00
22d9ea3d16804243afbfea7e776c5237	g	*3	*3	*3	*3	0.0	0.0	0.0	poor_metabolizer	no_sv,no_sv	no_sv	no_sv	.	*3	<99270539:T>C:42/43:0.98:splice_acceptor_variant:high_impact:splicing_defect>	<99270539:T>C:42/43:0.98:splice_acceptor_variant:high_impact:splicing_defect>	.	.	0.50	0.50	-1.00	-1.00
28997710cbae49f5996f6075fcbf74bd	g	*1	*3	*1	*3	1.0	0.0	1.0	intermediate_metabolizer	no_sv,no_sv	no_sv	no_sv	.	*3	.	<99270539:T>C:26/50:0.52:splice_acceptor_variant:high_impact:splicing_defect>	.	.	0.46	0.54	-1.00	0.52
2b0b4c79e8104ed98ef5cc82d9ca8bd2	g	*1	*3	*1	*3	1.0	0.0	1.0	intermediate_metabolizer	no_sv,no_sv	no_sv	no_sv	.	*3	.	<99270539:T>C:20/38:0.53:splice_acceptor_variant:high_impact:splicing_defect>	.	.	0.48	0.52	-1.00	0.53
2c9f234af49b4f6a970d8ddef07358e5	g	*3	*3	*3	*3	0.0	0.0	0.0	poor_metabolizer	no_sv,no_sv	no_sv	no_sv	.	*3	<99270539:T>C:37/37:1.00:splice_acceptor_variant:high_impact:splicing_defect>	<99270539:T>C:37/37:1.00:splice_acceptor_variant:high_impact:splicing_defect>	.	.	0.52	0.48	-1.00	-1.00
316ab006177d41b484982d7fa4d851ad	g	*3	*3	*3	*3	0.0	0.0	0.0	poor_metabolizer	no_sv,no_sv	no_sv	no_sv	.	*3	<99270539:T>C:37/38:0.97:splice_acceptor_variant:high_impact:splicing_defect>	<99270539:T>C:37/38:0.97:splice_acceptor_variant:high_impact:splicing_defect>	.	.	0.40	0.60	-1.00	-1.00
34b739132d0e403d9aa323b1c3edf12a	g	*1	*6	*1	*6	1.0	0.0	1.0	intermediate_metabolizer	no_sv,no_sv	no_sv	no_sv	.	*6	.	<99262835:C>T:20/39:0.51:synonymous_variant:high_impact:K208#&splicing_defect>	.	.	0.52	0.48	-1.00	0.51
3959a73552a04f969d37a04dc869c7a9	g	*1	*3	*1	*3	1.0	0.0	1.0	intermediate_metabolizer	no_sv,no_sv	no_sv	no_sv	.	*3	.	<99270539:T>C:16/30:0.53:splice_acceptor_variant:high_impact:splicing_defect>	.	.	0.47	0.53	-1.00	0.53
3a7ec2f78f3c40df98248d3ba1354a20	g	*3	*3	*3	*3	0.0	0.0	0.0	poor_metabolizer	no_sv,no_sv	no_sv	no_sv	.	*3	<99270539:T>C:29/29:1.00:splice_acceptor_variant:high_impact:splicing_defect>	<99270539:T>C:29/29:1.00:splice_acceptor_variant:high_impact:splicing_defect>	.	.	0.49	0.51	-1.00	-1.00
3ddccd4bcda14140b3e89559d2cf3186	g	*1	*7	*1	*7	1.0	0.0	1.0	intermediate_metabolizer	no_sv,no_sv	no_sv	no_sv	.	*7	.	<99250393:T>TA:21/43:0.49:frameshift_variant:high_impact:frameshift>	.	.	0.49	0.51	-1.00	0.49
3fcca708192c4ffe8e57318c7d64e480	g	*1	*1	*1	*1	1.0	1.0	2.0	normal_metabolizer	no_sv,no_sv	no_sv	no_sv	.	*1	.	.	.	.	0.53	0.47	-1.00	-1.00
4323a15d7b5d4bf2b204e0c0088ba923	g	*1	*1	*1	*1	1.0	1.0	2.0	normal_metabolizer	no_sv,no_sv	no_sv	no_sv	.	*1	.	.	.	.	0.50	0.50	-1.00	-1.00
45e24be4dc7d4cb3a2742ce7c05730e8	g	*3	*3	*3	*3	0.0	0.0	0.0	poor_metabolizer	no_sv,no_sv	no_sv	no_sv	.	*3	<99270539:T>C:57/57:1.00:splice_acceptor_variant:high_impact:splicing_defect>	<99270539:T>C:57/57:1.00:splice_acceptor_variant:high_impact:splicing_defect>	.	.	0.51	0.49	-1.00	-1.00
543558ae08cd44b3850fc7b835484037	g	*1	*1	*1	*1	1.0	1.0	2.0	normal_metabolizer	no_sv,no_sv	no_sv	no_sv	.	*1	.	.	.	.	0.50	0.50	-1.00	-1.00
54db734bc1ec46b29fc6c5c6df35ca65	g	*3	*3	*3	*3	0.0	0.0	0.0	poor_metabolizer	no_sv,no_sv	no_sv	no_sv	.	*3	<99270539:T>C:38/38:1.00:splice_acceptor_variant:high_impact:splicing_defect>	<99270539:T>C:38/38:1.00:splice_acceptor_variant:high_impact:splicing_defect>	.	.	0.43	0.57	-1.00	-1.00
5bb329dcb3654e8890985547e82135f6	g	*3	*3	*3	*3	0.0	0.0	0.0	poor_metabolizer	no_sv,no_sv	no_sv	no_sv	.	*3	<99270539:T>C:47/48:0.98:splice_acceptor_variant:high_impact:splicing_defect>	<99270539:T>C:47/48:0.98:splice_acceptor_variant:high_impact:splicing_defect>	.	.	-1.00	-1.00	-1.00	-1.00
5d81e03c86324f209c69093ddf77bb62	g	*1	*3	*1	*3	1.0	0.0	1.0	intermediate_metabolizer	no_sv,no_sv	no_sv	no_sv	.	*3	.	<99270539:T>C:16/36:0.44:splice_acceptor_variant:high_impact:splicing_defect>	.	.	0.49	0.51	-1.00	0.44
5f006ec8ba3c41a18d9ff92c0a62955a	g	*3	*3	*3	*3	0.0	0.0	0.0	poor_metabolizer	no_sv,no_sv	no_sv	no_sv	.	*3	<99270539:T>C:51/51:1.00:splice_acceptor_variant:high_impact:splicing_defect>	<99270539:T>C:51/51:1.00:splice_acceptor_variant:high_impact:splicing_defect>	.	.	0.51	0.49	-1.00	-1.00
6320750d96f747b695f78964df1fad17	g	*3	*3	*3	*3	0.0	0.0	0.0	poor_metabolizer	no_sv,no_sv	no_sv	no_sv	.	*3	<99270539:T>C:54/54:1.00:splice_acceptor_variant:high_impact:splicing_defect>	<99270539:T>C:54/54:1.00:splice_acceptor_variant:high_impact:splicing_defect>	.	.	0.65	0.35	-1.00	-1.00
69335e244b5f46e5b56e5360f8f826b7	g	*1	*1	*1	*1	1.0	1.0	2.0	normal_metabolizer	no_sv,no_sv	no_sv	no_sv	.	*1	.	.	.	.	0.50	0.50	-1.00	-1.00
69d7b11affce444694e9955b90848028	g	*3	*3	*3	*3	0.0	0.0	0.0	poor_metabolizer	no_sv,no_sv	no_sv	no_sv	.	*3	<99270539:T>C:31/32:0.97:splice_acceptor_variant:high_impact:splicing_defect>	<99270539:T>C:31/32:0.97:splice_acceptor_variant:high_impact:splicing_defect>	.	.	0.54	0.46	-1.00	-1.00
6b9f68c07c3e4e3e81669fe390ba1027	g	*1	*3	*1	*3	1.0	0.0	1.0	intermediate_metabolizer	no_sv,no_sv	no_sv	no_sv	.	*3	.	<99270539:T>C:25/35:0.71:splice_acceptor_variant:high_impact:splicing_defect>	.	.	0.53	0.47	-1.00	0.71
75331ab394f24d56ac73cee5d41fa15b	g	*1	*3	*1	*3	1.0	0.0	1.0	intermediate_metabolizer	no_sv,no_sv	no_sv	no_sv	.	*3	.	<99270539:T>C:24/40:0.60:splice_acceptor_variant:high_impact:splicing_defect>	.	.	0.47	0.53	-1.00	0.60
7866e1bc7fdc4304863db4a25d1a42e4	g	*1	*3	*1	*3	1.0	0.0	1.0	intermediate_metabolizer	no_sv,no_sv	no_sv	no_sv	.	*3	.	<99270539:T>C:18/38:0.47:splice_acceptor_variant:high_impact:splicing_defect>	.	.	0.46	0.54	-1.00	0.47
7a29e8a53b6844ddbb42aa165b34fba3	g	*1	*3	*1	*3	1.0	0.0	1.0	intermediate_metabolizer	no_sv,no_sv	no_sv	no_sv	.	*3	.	<99270539:T>C:16/35:0.46:splice_acceptor_variant:high_impact:splicing_defect>	.	.	0.50	0.50	-1.00	0.46
7a94709935ea412e8b7349828beaf338	g	*3	*7	*3	*7	0.0	0.0	0.0	poor_metabolizer	no_sv,no_sv	no_sv	no_sv	.	*3,*7	<99270539:T>C:22/38:0.58:splice_acceptor_variant:high_impact:splicing_defect>	<99250393:T>TA:18/44:0.41:frameshift_variant:high_impact:frameshift>	.	.	0.48	0.52	0.58	0.41
7d077b89f2514fb0b8e002f8d9a10189	g	*1	*1	*1	*1	1.0	1.0	2.0	normal_metabolizer	no_sv,no_sv	no_sv	no_sv	.	*1	.	.	.	.	-1.00	-1.00	-1.00	-1.00
7fdcb4bdabe743feb4abc155bc580b82	g	*1	*3	*1	*3	1.0	0.0	1.0	intermediate_metabolizer	no_sv,no_sv	no_sv	no_sv	.	*3	.	<99270539:T>C:14/31:0.45:splice_acceptor_variant:high_impact:splicing_defect>	.	.	0.49	0.51	-1.00	0.45
82b808e2886a42f986da3ba811dbeaa4	g	*3	*3	*3	*3	0.0	0.0	0.0	poor_metabolizer	no_sv,no_sv	no_sv	no_sv	.	*3	<99270539:T>C:37/37:1.00:splice_acceptor_variant:high_impact:splicing_defect>	<99270539:T>C:37/37:1.00:splice_acceptor_variant:high_impact:splicing_defect>	.	.	0.40	0.60	-1.00	-1.00
8f90214c429f4afc9e0da555cb77f89a	g	*1	*3	*1	*3	1.0	0.0	1.0	intermediate_metabolizer	no_sv,no_sv	no_sv	no_sv	.	*3	.	<99270539:T>C:21/45:0.47:splice_acceptor_variant:high_impact:splicing_defect>	.	.	0.55	0.45	-1.00	0.47
92ac6fc0f69345aabb9e7bd47452ed70	g	*3	*3	*3	*3	0.0	0.0	0.0	poor_metabolizer	no_sv,no_sv	no_sv	no_sv	.	*3	<99270539:T>C:60/60:1.00:splice_acceptor_variant:high_impact:splicing_defect>	<99270539:T>C:60/60:1.00:splice_acceptor_variant:high_impact:splicing_defect>	.	.	0.56	0.44	-1.00	-1.00
932a3f4c888844c39399f1cfdf2bc593	g	*3	*3	*3	*3	0.0	0.0	0.0	poor_metabolizer	no_sv,no_sv	no_sv	no_sv	.	*3	<99270539:T>C:43/43:1.00:splice_acceptor_variant:high_impact:splicing_defect>	<99270539:T>C:43/43:1.00:splice_acceptor_variant:high_impact:splicing_defect>	.	.	0.57	0.43	-1.00	-1.00
9e01734a352a41f89266c2ae8c9c13de	g	*1	*1	*1	*1	1.0	1.0	2.0	normal_metabolizer	no_sv,no_sv	no_sv	no_sv	.	*1	.	.	.	.	0.51	0.49	-1.00	-1.00
9e3dcdd083ad40dd82fab180a916fb77	g	*1	*1	*1	*1	1.0	1.0	2.0	normal_metabolizer	no_sv,no_sv	no_sv	no_sv	.	*1	.	.	.	.	0.47	0.53	-1.00	-1.00
a04f109738f34a358850f5f69d7d8814	g	*3	*6	*3	*6	0.0	0.0	0.0	poor_metabolizer	no_sv,no_sv	no_sv	no_sv	.	*3,*6	<99270539:T>C:22/38:0.58:splice_acceptor_variant:high_impact:splicing_defect>	<99262835:C>T:20/39:0.51:synonymous_variant:high_impact:K208#&splicing_defect>	.	.	0.53	0.47	0.58	0.51
a284eb8f85e54b0ba3c45e30e91a33a1	g	*1	*6	*1	*6	1.0	0.0	1.0	intermediate_metabolizer	no_sv,no_sv	no_sv	no_sv	.	*6	.	<99262835:C>T:18/42:0.43:synonymous_variant:high_impact:K208#&splicing_defect>	.	.	0.49	0.51	-1.00	0.43
a9963d642c584dfab81f5ae694208390	g	*3	*3	*3	*3	0.0	0.0	0.0	poor_metabolizer	no_sv,no_sv	no_sv	no_sv	.	*3	<99270539:T>C:40/40:1.00:splice_acceptor_variant:high_impact:splicing_defect>	<99270539:T>C:40/40:1.00:splice_acceptor_variant:high_impact:splicing_defect>	.	.	0.51	0.49	-1.00	-1.00
b462b7941e0642309d5d44e7aae6d42f	g	*1	*6	*1	*6	1.0	0.0	1.0	intermediate_metabolizer	no_sv,no_sv	no_sv	no_sv	.	*6	.	<99262835:C>T:24/50:0.48:synonymous_variant:high_impact:K208#&splicing_defect>	.	.	0.49	0.51	-1.00	0.48
b51b8299a62f4a3eab95d0467e950b7e	g	*3	*3	*3	*3	0.0	0.0	0.0	poor_metabolizer	no_sv,no_sv	no_sv	no_sv	.	*3	<99270539:T>C:44/44:1.00:splice_acceptor_variant:high_impact:splicing_defect>	<99270539:T>C:44/44:1.00:splice_acceptor_variant:high_impact:splicing_defect>	.	.	-1.00	-1.00	-1.00	-1.00
b7988ee8179d4678921602d34400a63a	g	*3	*3	*3	*3	0.0	0.0	0.0	poor_metabolizer	no_sv,no_sv	no_sv	no_sv	.	*3	<99270539:T>C:47/47:1.00:splice_acceptor_variant:high_impact:splicing_defect>	<99270539:T>C:47/47:1.00:splice_acceptor_variant:high_impact:splicing_defect>	.	.	0.71	0.29	-1.00	-1.00
b859eb68840b42d9a376ce22cff1cd08	g	*1	*3	*1	*3	1.0	0.0	1.0	intermediate_metabolizer	no_sv,no_sv	no_sv	no_sv	.	*3	.	<99270539:T>C:15/30:0.50:splice_acceptor_variant:high_impact:splicing_defect>	.	.	0.52	0.48	-1.00	0.50
ba64fb6dbb0a4b36a5cbe53bd8706ca7	g	*1	*3	*1	*3	1.0	0.0	1.0	intermediate_metabolizer	no_sv,no_sv	no_sv	no_sv	.	*3	.	<99270539:T>C:21/48:0.44:splice_acceptor_variant:high_impact:splicing_defect>	.	.	0.49	0.51	-1.00	0.44
bda28ac619e64916bb0a28d1f2698e2e	g	*3	*3	*3	*3	0.0	0.0	0.0	poor_metabolizer	no_sv,no_sv	no_sv	no_sv	.	*3	<99270539:T>C:35/36:0.97:splice_acceptor_variant:high_impact:splicing_defect>	<99270539:T>C:35/36:0.97:splice_acceptor_variant:high_impact:splicing_defect>	.	.	0.56	0.44	-1.00	-1.00
c392e9300f6b490aa1c43f7ca7d7afd4	g	*1	*3	*1	*3	1.0	0.0	1.0	intermediate_metabolizer	no_sv,no_sv	no_sv	no_sv	.	*3	.	<99270539:T>C:24/46:0.52:splice_acceptor_variant:high_impact:splicing_defect>	.	.	0.52	0.48	-1.00	0.52
cb484635e004493fb395ac764578797b	g	*3	*3	*3	*3	0.0	0.0	0.0	poor_metabolizer	no_sv,no_sv	no_sv	no_sv	.	*3	<99270539:T>C:46/47:0.98:splice_acceptor_variant:high_impact:splicing_defect>	<99270539:T>C:46/47:0.98:splice_acceptor_variant:high_impact:splicing_defect>	.	.	0.57	0.43	-1.00	-1.00
d7b5cf7015d44c23a949dc117c149c80	g	*1	*3	*1	*3	1.0	0.0	1.0	intermediate_metabolizer	no_sv,no_sv	no_sv	no_sv	.	*3	.	<99270539:T>C:19/38:0.50:splice_acceptor_variant:high_impact:splicing_defect>	.	.	0.50	0.50	-1.00	0.50
d84c8e4613064299b2a16cfa39d819b5	g	*1	*7	*1	*7	1.0	0.0	1.0	intermediate_metabolizer	no_sv,no_sv	no_sv	no_sv	.	*7	.	<99250393:T>TA:21/36:0.58:frameshift_variant:high_impact:frameshift>	.	.	0.47	0.53	-1.00	0.58
db923feb258241b8b0a3e3aaada9359b	g	*1	*6	*1	*6	1.0	0.0	1.0	intermediate_metabolizer	no_sv,no_sv	no_sv	no_sv	.	*6	.	<99262835:C>T:17/30:0.57:synonymous_variant:high_impact:K208#&splicing_defect>	.	.	0.50	0.50	-1.00	0.57
dd64f80e456a46e49555c0c7c30372b0	g	*3	*3	*3	*3	0.0	0.0	0.0	poor_metabolizer	no_sv,no_sv	no_sv	no_sv	.	*3	<99270539:T>C:42/42:1.00:splice_acceptor_variant:high_impact:splicing_defect>	<99270539:T>C:42/42:1.00:splice_acceptor_variant:high_impact:splicing_defect>	.	.	0.57	0.43	-1.00	-1.00
dd864a425f814bca87a971eaf94cfa17	g	*3	*3	*3	*3	0.0	0.0	0.0	poor_metabolizer	no_sv,no_sv	no_sv	no_sv	.	*3	<99270539:T>C:37/38:0.97:splice_acceptor_variant:high_impact:splicing_defect>	<99270539:T>C:37/38:0.97:splice_acceptor_variant:high_impact:splicing_defect>	.	.	0.48	0.52	-1.00	-1.00
def4a73760dd42d38b17c33c3deb654b	g	*3	*3	*3	*3	0.0	0.0	0.0	poor_metabolizer	no_sv,no_sv	no_sv	no_sv	.	*3	<99270539:T>C:43/43:1.00:splice_acceptor_variant:high_impact:splicing_defect>	<99270539:T>C:43/43:1.00:splice_acceptor_variant:high_impact:splicing_defect>	.	.	0.51	0.49	-1.00	-1.00
dfe4ba40717d4891a12ec2c856de671f	g	*6	*7	*6	*7	0.0	0.0	0.0	poor_metabolizer	no_sv,no_sv	no_sv	no_sv	.	*6,*7	<99262835:C>T:15/29:0.52:synonymous_variant:high_impact:K208#&splicing_defect>	<99250393:T>TA:13/25:0.52:frameshift_variant:high_impact:frameshift>	.	.	0.48	0.52	0.52	0.52
e030f757080d4e5e841d8e7feef7a665	g	*3	*3	*3	*3	0.0	0.0	0.0	poor_metabolizer	no_sv,no_sv	no_sv	no_sv	.	*3	<99270539:T>C:50/51:0.98:splice_acceptor_variant:high_impact:splicing_defect>	<99270539:T>C:50/51:0.98:splice_acceptor_variant:high_impact:splicing_defect>	.	.	0.50	0.50	-1.00	-1.00
e1ddd983797640bf81b66f9a77b37439	g	*1	*6	*1	*6	1.0	0.0	1.0	intermediate_metabolizer	no_sv,no_sv	no_sv	no_sv	.	*6	.	<99262835:C>T:14/26:0.54:synonymous_variant:high_impact:K208#&splicing_defect>	.	.	0.47	0.53	-1.00	0.54
e246a44270e34d2aa228844732995abe	g	*3	*3	*3	*3	0.0	0.0	0.0	poor_metabolizer	no_sv,no_sv	no_sv	no_sv	.	*3	<99270539:T>C:38/41:0.93:splice_acceptor_variant:high_impact:splicing_defect>	<99270539:T>C:38/41:0.93:splice_acceptor_variant:high_impact:splicing_defect>	.	.	0.46	0.54	-1.00	-1.00
e92d97eb8a3f4c4cb7db5faf9882b167	g	*3	*3	*3	*3	0.0	0.0	0.0	poor_metabolizer	no_sv,no_sv	no_sv	no_sv	.	*3	<99270539:T>C:41/41:1.00:splice_acceptor_variant:high_impact:splicing_defect>	<99270539:T>C:41/41:1.00:splice_acceptor_variant:high_impact:splicing_defect>	.	.	-1.00	-1.00	-1.00	-1.00
e968235bb8e14f02af53e2f17cee324f	g	*3	*3	*3	*3	0.0	0.0	0.0	poor_metabolizer	no_sv,no_sv	no_sv	no_sv	.	*3	<99270539:T>C:42/42:1.00:splice_acceptor_variant:high_impact:splicing_defect>	<99270539:T>C:42/42:1.00:splice_acceptor_variant:high_impact:splicing_defect>	.	.	-1.00	-1.00	-1.00	-1.00
ecf7d003ffef4d429351037cb97bac09	g	*1	*3	*1	*3	1.0	0.0	1.0	intermediate_metabolizer	no_sv,no_sv	no_sv	no_sv	.	*3	.	<99270539:T>C:12/31:0.39:splice_acceptor_variant:high_impact:splicing_defect>	.	.	0.50	0.50	-1.00	0.39
f00e1071f840476c9872de73f0ea8a02	g	*1	*3	*1	*3	1.0	0.0	1.0	intermediate_metabolizer	no_sv,no_sv	no_sv	no_sv	.	*3	.	<99270539:T>C:18/38:0.47:splice_acceptor_variant:high_impact:splicing_defect>	.	.	0.62	0.38	-1.00	0.47
f52c133442ca4f93a47b689fc385b1f5	g	*1	*3	*1	*3	1.0	0.0	1.0	intermediate_metabolizer	no_sv,no_sv	no_sv	no_sv	.	*3	.	<99270539:T>C:20/44:0.45:splice_acceptor_variant:high_impact:splicing_defect>	.	.	0.48	0.52	-1.00	0.45
