Sample	Gene	Diplotype	BEAGLE imputed	Phenotype	Score	May also be	Also possible haplotype
021ab129bb594be5804b02e08e14d93d	cyp3a5	*3/*3	none	poor_metabolizer	0.0		
03bc76a2c27140bc8143c56767ca6877	cyp3a5	*3/*6	none	poor_metabolizer	0.0		
0b7cc95044c54d86a81151d856d0c5b2	cyp3a5	*3/*3	none	poor_metabolizer	0.0		
0d73bafef55a4a718489f3fdca91fd55	cyp3a5	*1/*3	none	intermediate_metabolizer	1.0		
11a1c7b37a63449f9bc65799567b5710	cyp3a5	*1/*3	none	intermediate_metabolizer	1.0		
141390df39414eaaaa9725a8349d9c45	cyp3a5	*1/*3	none	intermediate_metabolizer	1.0		
20aaa40fcdee4290bfada8dbba5e5232	cyp3a5	*1/*6	none	intermediate_metabolizer	1.0		
20b87673c1224e9db8bdbbe82899309c	cyp3a5	*3/*3	none	poor_metabolizer	0.0		
20be9cf6bed64502b85c999ec59c784b	cyp3a5	*3/*3	none	poor_metabolizer	0.0		
2176d8cef950450bbb29052359a2d2d1	cyp3a5	*1/*7	none	intermediate_metabolizer	1.0		
228fa4f74dd4431f8eb3526f37e355ed	cyp3a5	*7/*7	none	poor_metabolizer	0.0		
22d9ea3d16804243afbfea7e776c5237	cyp3a5	*3/*3	none	poor_metabolizer	0.0		
28997710cbae49f5996f6075fcbf74bd	cyp3a5	*1/*3	none	intermediate_metabolizer	1.0		
2b0b4c79e8104ed98ef5cc82d9ca8bd2	cyp3a5	*1/*3	none	intermediate_metabolizer	1.0		
2c9f234af49b4f6a970d8ddef07358e5	cyp3a5	*3/*3	none	poor_metabolizer	0.0		
316ab006177d41b484982d7fa4d851ad	cyp3a5	*3/*3	none	poor_metabolizer	0.0		
34b739132d0e403d9aa323b1c3edf12a	cyp3a5	*1/*6	none	intermediate_metabolizer	1.0		
3959a73552a04f969d37a04dc869c7a9	cyp3a5	*1/*3	none	intermediate_metabolizer	1.0		
3a7ec2f78f3c40df98248d3ba1354a20	cyp3a5	*3/*3	none	poor_metabolizer	0.0		
3ddccd4bcda14140b3e89559d2cf3186	cyp3a5	*1/*7	none	intermediate_metabolizer	1.0		
3fcca708192c4ffe8e57318c7d64e480	cyp3a5	*1/*1	none	normal_metabolizer	2.0		
4323a15d7b5d4bf2b204e0c0088ba923	cyp3a5	*1/*1	none	normal_metabolizer	2.0		
45e24be4dc7d4cb3a2742ce7c05730e8	cyp3a5	*3/*3	none	poor_metabolizer	0.0		
543558ae08cd44b3850fc7b835484037	cyp3a5	*1/*1	none	normal_metabolizer	2.0		
54db734bc1ec46b29fc6c5c6df35ca65	cyp3a5	*3/*3	none	poor_metabolizer	0.0		
5bb329dcb3654e8890985547e82135f6	cyp3a5	*3/*3	none	poor_metabolizer	0.0		
5d81e03c86324f209c69093ddf77bb62	cyp3a5	*1/*3	none	intermediate_metabolizer	1.0		
5f006ec8ba3c41a18d9ff92c0a62955a	cyp3a5	*3/*3	none	poor_metabolizer	0.0		
6320750d96f747b695f78964df1fad17	cyp3a5	*3/*3	none	poor_metabolizer	0.0		
69335e244b5f46e5b56e5360f8f826b7	cyp3a5	*1/*1	none	normal_metabolizer	2.0		
69d7b11affce444694e9955b90848028	cyp3a5	*3/*3	none	poor_metabolizer	0.0		
6b9f68c07c3e4e3e81669fe390ba1027	cyp3a5	*1/*3	none	intermediate_metabolizer	1.0		
75331ab394f24d56ac73cee5d41fa15b	cyp3a5	*1/*3	none	intermediate_metabolizer	1.0		
7866e1bc7fdc4304863db4a25d1a42e4	cyp3a5	*1/*3	none	intermediate_metabolizer	1.0		
7a29e8a53b6844ddbb42aa165b34fba3	cyp3a5	*1/*3	none	intermediate_metabolizer	1.0		
7a94709935ea412e8b7349828beaf338	cyp3a5	*3/*7	none	poor_metabolizer	0.0		
7d077b89f2514fb0b8e002f8d9a10189	cyp3a5	*1/*1	none	normal_metabolizer	2.0		
7fdcb4bdabe743feb4abc155bc580b82	cyp3a5	*1/*3	none	intermediate_metabolizer	1.0		
82b808e2886a42f986da3ba811dbeaa4	cyp3a5	*3/*3	none	poor_metabolizer	0.0		
8f90214c429f4afc9e0da555cb77f89a	cyp3a5	*1/*3	none	intermediate_metabolizer	1.0		
92ac6fc0f69345aabb9e7bd47452ed70	cyp3a5	*3/*3	none	poor_metabolizer	0.0		
932a3f4c888844c39399f1cfdf2bc593	cyp3a5	*3/*3	none	poor_metabolizer	0.0		
9e01734a352a41f89266c2ae8c9c13de	cyp3a5	*1/*1	none	normal_metabolizer	2.0		
9e3dcdd083ad40dd82fab180a916fb77	cyp3a5	*1/*1	none	normal_metabolizer	2.0		
a04f109738f34a358850f5f69d7d8814	cyp3a5	*3/*6	none	poor_metabolizer	0.0		
a284eb8f85e54b0ba3c45e30e91a33a1	cyp3a5	*1/*6	none	intermediate_metabolizer	1.0		
a9963d642c584dfab81f5ae694208390	cyp3a5	*3/*3	none	poor_metabolizer	0.0		
b462b7941e0642309d5d44e7aae6d42f	cyp3a5	*1/*6	none	intermediate_metabolizer	1.0		
b51b8299a62f4a3eab95d0467e950b7e	cyp3a5	*3/*3	none	poor_metabolizer	0.0		
b7988ee8179d4678921602d34400a63a	cyp3a5	*3/*3	none	poor_metabolizer	0.0		
b859eb68840b42d9a376ce22cff1cd08	cyp3a5	*1/*3	none	intermediate_metabolizer	1.0		
ba64fb6dbb0a4b36a5cbe53bd8706ca7	cyp3a5	*1/*3	none	intermediate_metabolizer	1.0		
bda28ac619e64916bb0a28d1f2698e2e	cyp3a5	*3/*3	none	poor_metabolizer	0.0		
c392e9300f6b490aa1c43f7ca7d7afd4	cyp3a5	*1/*3	none	intermediate_metabolizer	1.0		
cb484635e004493fb395ac764578797b	cyp3a5	*3/*3	none	poor_metabolizer	0.0		
d7b5cf7015d44c23a949dc117c149c80	cyp3a5	*1/*3	none	intermediate_metabolizer	1.0		
d84c8e4613064299b2a16cfa39d819b5	cyp3a5	*1/*7	none	intermediate_metabolizer	1.0		
db923feb258241b8b0a3e3aaada9359b	cyp3a5	*1/*6	none	intermediate_metabolizer	1.0		
dd64f80e456a46e49555c0c7c30372b0	cyp3a5	*3/*3	none	poor_metabolizer	0.0		
dd864a425f814bca87a971eaf94cfa17	cyp3a5	*3/*3	none	poor_metabolizer	0.0		
def4a73760dd42d38b17c33c3deb654b	cyp3a5	*3/*3	none	poor_metabolizer	0.0		
dfe4ba40717d4891a12ec2c856de671f	cyp3a5	*6/*7	none	poor_metabolizer	0.0		
e030f757080d4e5e841d8e7feef7a665	cyp3a5	*3/*3	none	poor_metabolizer	0.0		
e1ddd983797640bf81b66f9a77b37439	cyp3a5	*1/*6	none	intermediate_metabolizer	1.0		
e246a44270e34d2aa228844732995abe	cyp3a5	*3/*3	none	poor_metabolizer	0.0		
e92d97eb8a3f4c4cb7db5faf9882b167	cyp3a5	*3/*3	none	poor_metabolizer	0.0		
e968235bb8e14f02af53e2f17cee324f	cyp3a5	*3/*3	none	poor_metabolizer	0.0		
ecf7d003ffef4d429351037cb97bac09	cyp3a5	*1/*3	none	intermediate_metabolizer	1.0		
f00e1071f840476c9872de73f0ea8a02	cyp3a5	*1/*3	none	intermediate_metabolizer	1.0		
f52c133442ca4f93a47b689fc385b1f5	cyp3a5	*1/*3	none	intermediate_metabolizer	1.0		
